{
    "ADA": {
        "Open": [
            0.377055
        ],
        "High": [
            0.3855
        ],
        "Low": [
            0.37314
        ],
        "Close": [
            0.377055
        ],
        "Adj Close": [
            0.377055
        ],
        "Volume": [
            25903145.737566
        ],
        "year": [
            2023
        ],
        "month": [
            6
        ],
        "day": [
            3
        ]
    },
    "BTC": {
        "Open": [
            27154.25942
        ],
        "High": [
            27976.99
        ],
        "Low": [
            26922.88
        ],
        "Close": [
            27154.25942
        ],
        "Adj Close": [
            27154.25942
        ],
        "Volume": [
            990697900.52922
        ],
        "year": [
            2023
        ],
        "month": [
            6
        ],
        "day": [
            3
        ]
    },
    "ETH": {
        "Open": [
            1894.24637
        ],
        "High": [
            1955
        ],
        "Low": [
            1864.21
        ],
        "Close": [
            1894.24637
        ],
        "Adj Close": [
            1894.24637
        ],
        "Volume": [
            673339863.836623
        ],
        "year": [
            2023
        ],
        "month": [
            6
        ],
        "day": [
            3
        ]
    },
    "LTC": {
        "Open": [
            96.228143
        ],
        "High": [
            101.9
        ],
        "Low": [
            94.142
        ],
        "Close": [
            96.228143
        ],
        "Adj Close": [
            96.228143
        ],
        "Volume": [
            136254086.110816
        ],
        "year": [
            2023
        ],
        "month": [
            6
        ],
        "day": [
            3
        ]
    },
    "USDT": {
        "Open": [
            1.00788
        ],
        "High": [
            1.028
        ],
        "Low": [
            1.000199
        ],
        "Close": [
            1.00788
        ],
        "Adj Close": [
            1.00788
        ],
        "Volume": [
            159523818.259494
        ],
        "year": [
            2023
        ],
        "month": [
            6
        ],
        "day": [
            3
        ]
    }
}