{"ADA": 0.382147, "BTC": 27219.63083, "ETH": 1900.257044, "LTC": 95.992909, "USDT": 1.007573}