{
    "BTC": 27270.788100574504,
    "ETH": 1902.6208763862574,
    "USDT": 1.0005624584998163,
    "ADA": 0.380463368401843,
    "LTC": 95.44871250459441
}